This is a lesson about the basics of Data Structures. What are data structures? what varieties can we encounter? Lets find out,stack,Data Structures hold collections of data. Structures control how the data they store can be accessed and the type of structure will determine the interactions that will be allowed. ,test,"LIFO dfsjkfdje kidfjmeokifjeoskfdej nmdksf nkdf ndfk. FIFO cnjkdfofdjekfcfj dfmksfc mkdsf jedkf  k jfkdeo. mkls mklsmcm m l m mkl m mk mkmjk k kfefwsfh edfsjif  fhjuieo f.,stack,More Info
This lesson covers a different topic,null,Data Structures hold collections of data. Structures control how the data they store can be accessed and the type of structure will determine the interactions that will be allowed. ,null,"LIFO dfsjkfdje kidfjmeokifjeoskfdej nmdksf nkdf ndfk. FIFO cnjkdfofdjekfcfj dfmksfc mkdsf jedkf  k jfkdeo. mkls mklsmcm m l m mkl m mk mkmjk k kfefwsfh edfsjif  fhjuieo f.,null,More Info
topic 3,null,Data Structures hold collections of data. Structures control how the data they store can be accessed and the type of structure will determine the interactions that will be allowed. ,null,"LIFO dfsjkfdje kidfjmeokifjeoskfdej nmdksf nkdf ndfk. FIFO cnjkdfofdjekfcfj dfmksfc mkdsf jedkf  k jfkdeo. mkls mklsmcm m l m mkl m mk mkmjk k kfefwsfh edfsjif  fhjuieo f.,null,More Info
topic 4,null,Data Structures hold collections of data. Structures control how the data they store can be accessed and the type of structure will determine the interactions that will be allowed. ,null,"LIFO dfsjkfdje kidfjmeokifjeoskfdej nmdksf nkdf ndfk. FIFO cnjkdfofdjekfcfj dfmksfc mkdsf jedkf  k jfkdeo. mkls mklsmcm m l m mkl m mk mkmjk k kfefwsfh edfsjif  fhjuieo f.,null,More Info
topic 5,null,Data Structures hold collections of data. Structures control how the data they store can be accessed and the type of structure will determine the interactions that will be allowed. ,null,"LIFO dfsjkfdje kidfjmeokifjeoskfdej nmdksf nkdf ndfk. FIFO cnjkdfofdjekfcfj dfmksfc mkdsf jedkf  k jfkdeo. mkls mklsmcm m l m mkl m mk mkmjk k kfefwsfh edfsjif  fhjuieo f.,null,More Info
topic 6,null,Data Structures hold collections of data. Structures control how the data they store can be accessed and the type of structure will determine the interactions that will be allowed. ,null,"LIFO dfsjkfdje kidfjmeokifjeoskfdej nmdksf nkdf ndfk. FIFO cnjkdfofdjekfcfj dfmksfc mkdsf jedkf  k jfkdeo. mkls mklsmcm m l m mkl m mk mkmjk k kfefwsfh edfsjif  fhjuieo f.,null,More Info
topic 7,null,Data Structures hold collections of data. Structures control how the data they store can be accessed and the type of structure will determine the interactions that will be allowed. ,null,"LIFO dfsjkfdje kidfjmeokifjeoskfdej nmdksf nkdf ndfk. FIFO cnjkdfofdjekfcfj dfmksfc mkdsf jedkf  k jfkdeo. mkls mklsmcm m l m mkl m mk mkmjk k kfefwsfh edfsjif  fhjuieo f.,null,More Info
topic 8,null,Data Structures hold collections of data. Structures control how the data they store can be accessed and the type of structure will determine the interactions that will be allowed. ,null,"LIFO dfsjkfdje kidfjmeokifjeoskfdej nmdksf nkdf ndfk. FIFO cnjkdfofdjekfcfj dfmksfc mkdsf jedkf  k jfkdeo. mkls mklsmcm m l m mkl m mk mkmjk k kfefwsfh edfsjif  fhjuieo f.,null,More Info
topic 9,null,Data Structures hold collections of data. Structures control how the data they store can be accessed and the type of structure will determine the interactions that will be allowed. ,null,"LIFO dfsjkfdje kidfjmeokifjeoskfdej nmdksf nkdf ndfk. FIFO cnjkdfofdjekfcfj dfmksfc mkdsf jedkf  k jfkdeo. mkls mklsmcm m l m mkl m mk mkmjk k kfefwsfh edfsjif  fhjuieo f.,null,More Info
topic 10,null,Data Structures hold collections of data. Structures control how the data they store can be accessed and the type of structure will determine the interactions that will be allowed. ,null,"LIFO dfsjkfdje kidfjmeokifjeoskfdej nmdksf nkdf ndfk. FIFO cnjkdfofdjekfcfj dfmksfc mkdsf jedkf  k jfkdeo. mkls mklsmcm m l m mkl m mk mkmjk k kfefwsfh edfsjif  fhjuieo f.,null,More Info
topic 11,null,Data Structures hold collections of data. Structures control how the data they store can be accessed and the type of structure will determine the interactions that will be allowed. ,null,"LIFO dfsjkfdje kidfjmeokifjeoskfdej nmdksf nkdf ndfk. FIFO cnjkdfofdjekfcfj dfmksfc mkdsf jedkf  k jfkdeo. mkls mklsmcm m l m mkl m mk mkmjk k kfefwsfh edfsjif  fhjuieo f.,null,More Info
topic 12,null,Data Structures hold collections of data. Structures control how the data they store can be accessed and the type of structure will determine the interactions that will be allowed. ,null,"LIFO dfsjkfdje kidfjmeokifjeoskfdej nmdksf nkdf ndfk. FIFO cnjkdfofdjekfcfj dfmksfc mkdsf jedkf  k jfkdeo. mkls mklsmcm m l m mkl m mk mkmjk k kfefwsfh edfsjif  fhjuieo f.,null,More Info
topic 13,null,Data Structures hold collections of data. Structures control how the data they store can be accessed and the type of structure will determine the interactions that will be allowed. ,null,"LIFO dfsjkfdje kidfjmeokifjeoskfdej nmdksf nkdf ndfk. FIFO cnjkdfofdjekfcfj dfmksfc mkdsf jedkf  k jfkdeo. mkls mklsmcm m l m mkl m mk mkmjk k kfefwsfh edfsjif  fhjuieo f.,null,More Info
topic 14,null,Data Structures hold collections of data. Structures control how the data they store can be accessed and the type of structure will determine the interactions that will be allowed. ,null,"LIFO dfsjkfdje kidfjmeokifjeoskfdej nmdksf nkdf ndfk. FIFO cnjkdfofdjekfcfj dfmksfc mkdsf jedkf  k jfkdeo. mkls mklsmcm m l m mkl m mk mkmjk k kfefwsfh edfsjif  fhjuieo f.,null,More Info
topic 15,null,Data Structures hold collections of data. Structures control how the data they store can be accessed and the type of structure will determine the interactions that will be allowed. ,null,"LIFO dfsjkfdje kidfjmeokifjeoskfdej nmdksf nkdf ndfk. FIFO cnjkdfofdjekfcfj dfmksfc mkdsf jedkf  k jfkdeo. mkls mklsmcm m l m mkl m mk mkmjk k kfefwsfh edfsjif  fhjuieo f.,null,More Info
